user_id,product_id,product_name,brand,category,price,rating,color
19,1,watch strap,Adidas,Accessories,142.68,1.043159211,Black
97,2,ikea sofa,H&M,Women's Fashion,82,4.026416271,Black
25,3,backpack,Adidas,Women's Fashion,44,3.337937559,Yellow
57,4,macbook air,Zara,Electronics,23,1.049522956,White
79,5,under armour t-shirt,Adidas,Clothing & Apparel,79,4.302773408,Black
98,6,ipad pro,Adidas,Men's Fashion,47,1.37956574,Yellow
16,7,sony bravia tv,Gucci,Men's Fashion,37,1.356750375,White
63,8,carter's onesie,Zara,Kids' Fashion,64,4.360303289,Blue
96,9,vase,H&M,Men's Fashion,53,4.466181876,Green
36,10,zara blouse,Zara,Kids' Fashion,55,4.093234402,White
69,11,phone case,Adidas,Men's Fashion,51,1.160987957,Red
87,12,sunglasses,Gucci,Kids' Fashion,91,2.699735538,Yellow
9,13,crocs,Nike,Kids' Fashion,35,1.60119358,Red
50,14,instant pot,Zara,Women's Fashion,34,2.921004204,White
31,15,tempur-pedic mattress,Zara,Men's Fashion,54,3.670412239,Yellow
37,16,lg oled tv,Adidas,Women's Fashion,27,1.422716143,Blue
41,17,nike running shoes,Gucci,Women's Fashion,75,1.480632132,Blue
15,18,throw pillows,Gucci,Women's Fashion,73,4.498244681,Red
84,19,cookware set,Kitchenware,Home & Furniture,451.49,3.278340556,White
56,20,adidas tracksuit,Gucci,Men's Fashion,53,3.785245245,Green
87,21,sony bravia tv,Electronics,Men's Fashion,56,2.609587353,Yellow
56,22,levi's jeans,Gucci,Women's Fashion,89,4.568632343,Green
60,23,gap hoodie,Zara,Kids' Fashion,91,4.072724797,Yellow
64,24,samsung galaxy tab,Zara,Women's Fashion,15,2.499756274,Yellow
65,25,apple iphone 14,H&M,Kids' Fashion,38,1.020492671,Green
26,26,ashley recliner,Gucci,Women's Fashion,21,4.748169005,Green
82,27,closet organizer,Adidas,Kids' Fashion,72,3.301743408,Red
87,28,kitchenaid mixer,Zara,Home & Furniture,32,2.82280286,Yellow
98,29,old navy dress,Gucci,Women's Fashion,85,4.940985221,Yellow
20,30,wallet,Nike,Accessories,99,3.110113573,Green
36,31,tote bag,H&M,Kids' Fashion,37,2.755187149,Blue
98,32,apple watch,Nike,Kids' Fashion,78,3.44728947,White
69,33,children's hoodie,H&M,Kids' Fashion,89,4.799409019,Green
31,34,charging cable,H&M,Men's Fashion,80,3.92326116,Black
48,35,fitbit charge,Zara,Women's Fashion,37,4.173991568,Blue
18,36,office chair,H&M,Kids' Fashion,74,1.014996128,Green
27,37,brooklinen sheets,Zara,Kids' Fashion,48,4.947664783,Blue
60,38,nike air force 1,Nike,Kids' Fashion,76,2.663067924,Yellow
46,39,bose soundbar,Adidas,Men's Fashion,90,1.788771519,Yellow
84,40,samsung galaxy s23,Zara,Women's Fashion,26,2.435611336,Black
43,41,belt,Gucci,Women's Fashion,40,2.922173646,Blue
43,42,power bank,Zara,Kids' Fashion,43,1.671958886,Red
91,43,dell xps 13,Adidas,Men's Fashion,39,3.601868547,White
78,44,wall art,Nike,Kids' Fashion,74,2.039156739,White
60,45,dining table set,Gucci,Women's Fashion,85,4.886711103,Red
44,46,lenovo thinkpad,Zara,Men's Fashion,38,2.827869831,Yellow
93,47,timberland boots,Zara,Men's Fashion,62,1.280731686,Green
74,48,dyson vacuum,Gucci,Kids' Fashion,10,1.836963966,Green
19,49,google pixel 7,Gucci,Kids' Fashion,52,3.012240786,Green
98,50,watch strap,H&M,Women's Fashion,38,3.083285933,Blue
51,51,ikea sofa,Adidas,Women's Fashion,67,3.842990023,Yellow
80,52,backpack,Nike,Kids' Fashion,59,3.964195138,Red
39,53,macbook air,Nike,Men's Fashion,16,1.29231997,Red
33,54,under armour t-shirt,H&M,Men's Fashion,33,2.450522629,Blue
78,55,ipad pro,Adidas,Kids' Fashion,76,2.820647079,Red
24,56,sony bravia tv,Nike,Women's Fashion,53,2.251328487,White
99,57,carter's onesie,Adidas,Women's Fashion,52,3.613136293,Red
83,58,vase,Adidas,Women's Fashion,61,1.684541374,White
38,59,zara blouse,Nike,Kids' Fashion,93,3.158493604,Blue
51,60,phone case,H&M,Kids' Fashion,24,1.59071307,Yellow
63,61,sunglasses,Adidas,Women's Fashion,25,1.04240882,Yellow
54,62,crocs,Nike,Men's Fashion,66,2.063108735,Blue
53,63,instant pot,Zara,Kids' Fashion,55,4.026271066,White
50,64,tempur-pedic mattress,Gucci,Kids' Fashion,72,1.779210786,Red
6,65,lg oled tv,H&M,Kids' Fashion,33,3.045016003,Yellow
87,66,nike running shoes,H&M,Kids' Fashion,59,4.55091731,Red
84,67,throw pillows,Gucci,Women's Fashion,41,4.251683239,Green
43,68,cookware set,Gucci,Women's Fashion,76,381.24,Red
3,69,adidas tracksuit,Gucci,Women's Fashion,74,3.6666674,Yellow
6,70,storage rack,Gucci,Women's Fashion,36,2.538600852,Yellow
15,71,levi's jeans,Adidas,Women's Fashion,35,4.864999298,White
94,72,gap hoodie,H&M,Clothing & Apparel,51,2.793625807,Yellow
98,73,samsung galaxy tab,Gucci,Men's Fashion,34,2.923982057,Red
6,74,apple iphone 14,Zara,Women's Fashion,68,2.880808188,White
42,75,ashley recliner,H&M,Women's Fashion,86,2.8894437,Blue
54,76,closet organizer,Adidas,Women's Fashion,39,2.974139315,Black
37,77,kitchenaid mixer,H&M,Home & Furniture,90,2.228263165,Blue
9,78,old navy dress,Nike,Men's Fashion,76,1.297257193,White
26,79,wallet,Nike,Accessories,11,1.333422087,Red
71,80,tote bag,Nike,Kids' Fashion,21,2.93805629,Red
72,81,apple watch,Nike,Women's Fashion,66,2.403440002,Green
100,82,children's hoodie,H&M,Kids' Fashion,31,4.612706003,Blue
69,83,charging cable,Nike,Women's Fashion,49,1.421790367,Blue
19,84,fitbit charge,Adidas,Women's Fashion,42,2.560174045,Red
84,85,office chair,Nike,Women's Fashion,89,1.107632847,Yellow
4,86,brooklinen sheets,Zara,Men's Fashion,50,3.276221603,Yellow
21,87,nike air force 1,Nike,Men's Fashion,41,4.126941614,Red
85,88,bose soundbar,Nike,Kids' Fashion,61,2.557892132,White
10,89,samsung galaxy s23,Gucci,Men's Fashion,66,3.896436962,White
2,90,belt,H&M,Men's Fashion,37,3.961592463,Red
90,91,power bank,H&M,Kids' Fashion,85,3.052555822,Green
6,92,dell xps 13,Adidas,Men's Fashion,100,1.845071304,White
33,93,wall art,Nike,Men's Fashion,70,4.928128215,White
12,94,dining table set,Zara,Women's Fashion,21,3.941875648,Yellow
62,95,lenovo thinkpad,Gucci,Women's Fashion,58,1.971525135,Blue
22,96,timberland boots,Gucci,Women's Fashion,30,4.65525163,Red
18,97,dyson vacuum,Gucci,Men's Fashion,52,3.761890551,Green
44,98,google pixel 7,Gucci,Kids' Fashion,61,4.277089916,Black
25,99,watch strap,Nike,Kids' Fashion,93,4.280090725,Yellow
79,100,ikea sofa,Adidas,Kids' Fashion,84,1.837199422,Red
52,101,backpack,Zara,Women's Fashion,95,1.501754271,Green
71,102,macbook air,Gucci,Accessories,19,4.211889573,Red
57,103,under armour t-shirt,Zara,Women's Fashion,84,3.649170715,White
64,104,ipad pro,H&M,Men's Fashion,24,4.737257325,White
35,105,sony bravia tv,Zara,Women's Fashion,52,1.75093116,Yellow
63,106,carter's onesie,H&M,Kids' Fashion,21,2.726230341,Red
19,107,vase,Zara,Men's Fashion,23,3.321346928,Red
80,108,zara blouse,Gucci,Men's Fashion,13,4.278042968,Green
77,109,phone case,Nike,Kids' Fashion,73,2.727659601,Black
22,110,sunglasses,Gucci,Women's Fashion,33,4.665058099,Blue
99,111,crocs,Zara,Women's Fashion,55,2.393684591,Green
92,112,instant pot,Adidas,Men's Fashion,15,2.44626948,White
97,113,tempur-pedic mattress,Zara,Men's Fashion,60,1.188491798,White
48,114,lg oled tv,H&M,Men's Fashion,37,1.457139594,Red
37,115,nike running shoes,Adidas,Kids' Fashion,64,2.887806601,Blue
77,116,throw pillows,Adidas,Women's Fashion,60,3.114797145,Green
52,117,cookware set,Zara,Kids' Fashion,75,3.992174604,White
63,118,adidas tracksuit,Adidas,Men's Fashion,71,3.517315773,Yellow
10,119,storage rack,Nike,Men's Fashion,73,2.657925071,Yellow
77,120,levi's jeans,H&M,Men's Fashion,12,2.507310693,Green
95,121,gap hoodie,Gucci,Men's Fashion,96,1.633989597,Red
90,122,samsung galaxy tab,H&M,Women's Fashion,36,4.425129582,Blue
80,123,apple iphone 14,Nike,Women's Fashion,65,2.647393415,Yellow
65,124,ashley recliner,H&M,Men's Fashion,62,1.09081315,Black
56,125,closet organizer,H&M,Kids' Fashion,56,4.139373023,Green
65,126,kitchenaid mixer,Nike,Home & Furniture,55,4.851703509,Green
7,127,old navy dress,Zara,Women's Fashion,47,4.86740353,Yellow
100,128,wallet,H&M,Women's Fashion,61,2.310493963,Green
70,129,tote bag,Zara,Women's Fashion,85,2.104322007,Yellow
40,130,apple watch,Nike,Women's Fashion,81,1.021972485,Green
70,131,children's hoodie,H&M,Men's Fashion,50,3.377493367,Blue
100,132,charging cable,Adidas,Women's Fashion,10,2.997701328,White
29,133,fitbit charge,H&M,Kids' Fashion,28,1.664542402,Blue
23,134,office chair,Zara,Women's Fashion,60,3.63365153,Yellow
94,135,brooklinen sheets,Adidas,Kids' Fashion,14,3.654703013,Blue
34,136,nike air force 1,Zara,Men's Fashion,45,1.017654743,Blue
44,137,bose soundbar,Gucci,Kids' Fashion,90,3.320508609,Green
16,138,samsung galaxy s23,H&M,Women's Fashion,23,1.811578261,Yellow
73,139,belt,Gucci,Women's Fashion,45,3.540081867,Blue
54,140,power bank,Zara,Kids' Fashion,40,2.022643003,Green
58,141,dell xps 13,Nike,Women's Fashion,28,4.441575548,Yellow
46,142,wall art,Nike,Men's Fashion,38,4.403932394,White
88,143,dining table set,Gucci,Women's Fashion,81,4.922934883,White
75,144,lenovo thinkpad,Adidas,Kids' Fashion,57,1.000967235,Blue
34,145,timberland boots,Zara,Kids' Fashion,60,4.821956689,Green
75,146,dyson vacuum,Adidas,Women's Fashion,53,3.466387981,Yellow
54,147,google pixel 7,Gucci,Kids' Fashion,48,2.582393026,Green
39,148,watch strap,Adidas,Women's Fashion,82,2.716311659,Black
95,149,ikea sofa,Adidas,Women's Fashion,56,4.001270462,Green
67,150,backpack,Nike,Women's Fashion,43,1.197330723,Green
5,151,macbook air,Adidas,Men's Fashion,77,2.35206414,Blue
31,152,under armour t-shirt,Nike,Men's Fashion,71,4.815682355,Green
2,153,ipad pro,Nike,Kids' Fashion,31,1.946292676,Black
51,154,sony bravia tv,Zara,Men's Fashion,11,2.301224631,Blue
91,155,carter's onesie,Gucci,Women's Fashion,48,2.433795362,White
92,156,vase,Adidas,Women's Fashion,21,1.154187364,Red
39,157,zara blouse,Adidas,Women's Fashion,67,3.981751298,Yellow
99,158,phone case,Adidas,Men's Fashion,88,2.923330927,Blue
10,159,sunglasses,Nike,Kids' Fashion,50,2.241727301,Green
46,160,crocs,Gucci,Women's Fashion,35,2.983802721,Black
80,161,instant pot,Adidas,Women's Fashion,67,4.735471557,Blue
40,162,tempur-pedic mattress,Nike,Women's Fashion,48,2.98164149,Red
18,163,lg oled tv,Nike,Women's Fashion,93,4.268027667,Green
16,164,nike running shoes,Nike,Men's Fashion,68,2.636594899,Red
34,165,throw pillows,Gucci,Women's Fashion,67,2.275472954,White
100,166,cookware set,Adidas,Kids' Fashion,96,4.743823985,White
92,167,adidas tracksuit,Zara,Kids' Fashion,43,4.47806137,Blue
54,168,storage rack,Gucci,Women's Fashion,69,4.456580599,Green
62,169,levi's jeans,Zara,Men's Fashion,98,1.089462325,Black
50,170,gap hoodie,Gucci,Men's Fashion,20,3.465192594,Yellow
24,171,samsung galaxy tab,Nike,Men's Fashion,42,1.767866521,Blue
13,172,apple iphone 14,Zara,Women's Fashion,32,4.795455839,Yellow
98,173,ashley recliner,Nike,Kids' Fashion,21,3.101798554,Yellow
82,174,closet organizer,Adidas,Kids' Fashion,80,3.334538872,Black
48,175,kitchenaid mixer,Adidas,Men's Fashion,55,1.913270934,Blue
59,176,old navy dress,H&M,Kids' Fashion,91,1.998148132,Red
56,177,wallet,Nike,Kids' Fashion,12,4.567658317,Yellow
93,178,tote bag,Nike,Women's Fashion,26,1.687869595,Red
54,179,apple watch,Adidas,Kids' Fashion,53,1.02832306,Blue
61,180,children's hoodie,Zara,Kids' Fashion,43,2.366447234,Green
74,181,charging cable,H&M,Kids' Fashion,80,4.829054628,Black
39,182,fitbit charge,Zara,Men's Fashion,68,4.358912645,Yellow
20,183,office chair,Zara,Kids' Fashion,67,2.675231958,Black
67,184,brooklinen sheets,Zara,Women's Fashion,67,3.448527594,Green
38,185,nike air force 1,Gucci,Men's Fashion,34,1.565354209,Yellow
16,186,bose soundbar,Adidas,Men's Fashion,56,2.434972507,Blue
81,187,samsung galaxy s23,Zara,Women's Fashion,36,3.043009203,Green
33,188,belt,Nike,Men's Fashion,44,4.359929899,Green
55,189,power bank,Adidas,Women's Fashion,15,3.466920439,Blue
38,190,dell xps 13,Zara,Kids' Fashion,32,4.033069074,Yellow
48,191,wall art,Gucci,Kids' Fashion,95,3.230677667,Black
35,192,dining table set,Zara,Kids' Fashion,87,3.961569667,White
8,193,lenovo thinkpad,H&M,Women's Fashion,60,2.936956139,White
56,194,timberland boots,Adidas,Women's Fashion,92,3.792556244,White
32,195,dyson vacuum,Zara,Kids' Fashion,60,3.344866684,White
72,196,google pixel 7,Gucci,Kids' Fashion,17,1.289426342,Red
48,197,watch strap,Nike,Kids' Fashion,90,2.299034126,Yellow
3,198,ikea sofa,Zara,Men's Fashion,67,3.032124841,Blue
39,199,backpack,Zara,Women's Fashion,15,4.980655634,Black
75,200,macbook air,H&M,Men's Fashion,45,4.124427218,Black
21,201,under armour t-shirt,Zara,Women's Fashion,57,4.246084617,Yellow
84,202,ipad pro,Nike,Men's Fashion,40,3.495501605,Green
53,203,sony bravia tv,Zara,Women's Fashion,75,1.876204845,Yellow
3,204,carter's onesie,Zara,Kids' Fashion,81,1.89324317,Black
41,205,vase,H&M,Men's Fashion,73,2.976563105,Yellow
64,206,zara blouse,Nike,Kids' Fashion,56,4.360464131,Yellow
30,207,phone case,Gucci,Kids' Fashion,53,2.789540795,Black
9,208,sunglasses,Zara,Men's Fashion,79,2.671151972,White
88,209,crocs,H&M,Women's Fashion,30,1.028669878,Black
36,210,instant pot,Adidas,Women's Fashion,42,2.049039595,Yellow
6,211,tempur-pedic mattress,Zara,Women's Fashion,50,3.173827063,Green
24,212,lg oled tv,Adidas,Women's Fashion,71,3.439552435,White
76,213,nike running shoes,Zara,Women's Fashion,80,4.860237045,Yellow
59,214,throw pillows,Adidas,Women's Fashion,98,1.793905201,Yellow
49,215,cookware set,Adidas,Men's Fashion,49,3.623237714,Yellow
87,216,adidas tracksuit,Gucci,Kids' Fashion,57,3.882450495,White
7,217,storage rack,Gucci,Women's Fashion,98,1.438125731,Yellow
94,218,levi's jeans,Gucci,Men's Fashion,69,3.077033066,Red
78,219,gap hoodie,H&M,Women's Fashion,97,1.968835967,Green
35,220,samsung galaxy tab,H&M,Kids' Fashion,42,4.505382327,Blue
68,221,apple iphone 14,Adidas,Men's Fashion,49,2.859178546,Black
77,222,ashley recliner,Adidas,Kids' Fashion,36,1.105318739,Yellow
33,223,closet organizer,Gucci,Women's Fashion,73,2.970808688,White
48,224,kitchenaid mixer,Adidas,Women's Fashion,88,1.748627957,White
46,225,old navy dress,Nike,Men's Fashion,61,1.635194216,Yellow
6,226,wallet,H&M,Men's Fashion,16,2.431736482,Green
44,227,tote bag,Adidas,Kids' Fashion,20,4.144274439,Red
66,228,apple watch,H&M,Men's Fashion,15,1.967415572,Green
81,229,children's hoodie,Adidas,Kids' Fashion,65,1.823312905,Red
96,230,charging cable,Zara,Men's Fashion,82,4.592905504,Black
92,231,fitbit charge,Zara,Women's Fashion,33,4.738404628,Red
93,232,office chair,Zara,Men's Fashion,49,1.4143585,Red
79,233,brooklinen sheets,Nike,Kids' Fashion,39,4.706320333,Red
64,234,nike air force 1,H&M,Kids' Fashion,55,1.699052197,White
61,235,bose soundbar,Zara,Women's Fashion,50,1.814530127,Green
40,236,samsung galaxy s23,Zara,Men's Fashion,44,1.718297859,White
68,237,belt,Adidas,Men's Fashion,58,3.662010629,White
10,238,power bank,Adidas,Kids' Fashion,47,2.146848906,White
33,239,dell xps 13,Gucci,Kids' Fashion,93,3.956210591,White
27,240,wall art,H&M,Men's Fashion,10,2.234526853,Black
55,241,dining table set,Gucci,Men's Fashion,21,2.404954172,Green
72,242,lenovo thinkpad,H&M,Men's Fashion,52,4.128792274,Green
88,243,timberland boots,H&M,Men's Fashion,79,1.05931859,White
77,244,dyson vacuum,Zara,Women's Fashion,85,3.4746219,Blue
27,245,google pixel 7,H&M,Women's Fashion,15,2.33366971,Black
89,246,watch strap,Gucci,Kids' Fashion,68,3.184283802,Green
32,247,ikea sofa,Zara,Women's Fashion,72,2.260192199,White
83,248,backpack,Zara,Kids' Fashion,81,3.616173283,Red
34,249,macbook air,H&M,Kids' Fashion,41,1.875618714,Black
68,250,under armour t-shirt,H&M,Women's Fashion,21,2.772521447,Yellow
46,251,ipad pro,Gucci,Kids' Fashion,87,2.193283427,White
43,252,sony bravia tv,H&M,Men's Fashion,25,1.659000335,Blue
65,253,carter's onesie,Zara,Kids' Fashion,98,4.236829853,White
20,254,vase,Gucci,Kids' Fashion,15,1.393034744,Yellow
74,255,zara blouse,H&M,Kids' Fashion,81,2.550519354,Green
33,256,phone case,Gucci,Kids' Fashion,86,2.059769414,Blue
38,257,sunglasses,Nike,Women's Fashion,82,3.481409233,Red
86,258,crocs,Gucci,Women's Fashion,14,3.563482806,Yellow
44,259,instant pot,Nike,Men's Fashion,27,2.504419165,White
34,260,tempur-pedic mattress,Adidas,Kids' Fashion,59,4.154888892,Green
50,261,lg oled tv,Zara,Men's Fashion,49,2.981081581,Yellow
68,262,nike running shoes,Gucci,Women's Fashion,94,4.28858144,Blue
5,263,throw pillows,Zara,Men's Fashion,71,4.053594853,Yellow
46,264,cookware set,Gucci,Women's Fashion,55,3.190616884,White
8,265,adidas tracksuit,H&M,Kids' Fashion,60,2.746730355,Blue
51,266,storage rack,Gucci,Kids' Fashion,62,2.367762561,White
25,267,levi's jeans,Adidas,Women's Fashion,53,4.441337119,Black
32,268,gap hoodie,Adidas,Kids' Fashion,22,3.939581932,Yellow
34,269,samsung galaxy tab,H&M,Kids' Fashion,100,4.743391172,Black
3,270,apple iphone 14,Adidas,Kids' Fashion,60,4.213088307,Blue
76,271,ashley recliner,Nike,Men's Fashion,45,4.075216259,Blue
43,272,closet organizer,Nike,Kids' Fashion,95,2.311251113,White
4,273,kitchenaid mixer,Nike,Men's Fashion,29,1.764609254,White
77,274,old navy dress,Adidas,Women's Fashion,18,1.657266961,Red
58,275,wallet,Nike,Men's Fashion,93,3.809488549,Green
73,276,tote bag,Nike,Men's Fashion,43,1.393377273,Yellow
50,277,apple watch,H&M,Kids' Fashion,49,1.889881364,White
4,278,children's hoodie,Gucci,Men's Fashion,98,2.958504997,Black
3,279,charging cable,Adidas,Kids' Fashion,11,2.191241877,Yellow
31,280,fitbit charge,Gucci,Kids' Fashion,19,2.129731799,White
30,281,office chair,H&M,Women's Fashion,67,2.256525934,Green
18,282,brooklinen sheets,Nike,Men's Fashion,75,1.266590167,Black
95,283,nike air force 1,H&M,Men's Fashion,80,4.17982815,White
78,284,bose soundbar,Zara,Men's Fashion,23,3.814152154,Black
49,285,samsung galaxy s23,Nike,Women's Fashion,80,3.70418879,Yellow
69,286,belt,H&M,Kids' Fashion,13,3.236064278,White
71,287,power bank,Zara,Kids' Fashion,62,4.537102679,Blue
13,288,dell xps 13,Nike,Men's Fashion,38,2.108827714,Black
88,289,wall art,Adidas,Kids' Fashion,18,2.805553334,Blue
38,290,dining table set,Zara,Men's Fashion,13,4.883941462,White
3,291,lenovo thinkpad,H&M,Women's Fashion,64,4.818010098,White
91,292,timberland boots,Nike,Men's Fashion,63,3.075503826,Green
9,293,dyson vacuum,Nike,Men's Fashion,96,2.769660905,Black
4,294,google pixel 7,H&M,Women's Fashion,89,4.092572015,White
39,295,watch strap,H&M,Kids' Fashion,56,2.424542625,Black
99,296,ikea sofa,H&M,Women's Fashion,25,4.100230323,White
30,297,backpack,Gucci,Kids' Fashion,14,1.877989508,Blue
4,298,macbook air,Zara,Women's Fashion,14,1.416317141,Red
69,299,under armour t-shirt,Gucci,Kids' Fashion,21,2.954602656,Green
3,300,ipad pro,Adidas,Kids' Fashion,57,4.923508936,White
66,301,sony bravia tv,Adidas,Kids' Fashion,93,2.044992494,Yellow
49,302,carter's onesie,Gucci,Kids' Fashion,37,4.903871566,White
11,303,vase,Gucci,Women's Fashion,94,3.685862143,White
7,304,zara blouse,Adidas,Women's Fashion,85,1.300398563,Green
26,305,phone case,H&M,Women's Fashion,90,2.330814132,White
73,306,sunglasses,Gucci,Men's Fashion,23,2.800679753,Black
62,307,crocs,Zara,Men's Fashion,11,3.889022253,Yellow
42,308,instant pot,Adidas,Men's Fashion,60,4.42216008,Yellow
37,309,tempur-pedic mattress,Gucci,Kids' Fashion,17,3.754996802,Black
61,310,lg oled tv,H&M,Men's Fashion,83,3.945481349,White
55,311,nike running shoes,Nike,Men's Fashion,55,4.803390239,Black
41,312,throw pillows,Zara,Men's Fashion,45,2.927937578,White
97,313,cookware set,H&M,Women's Fashion,76,4.512074442,Green
13,314,adidas tracksuit,Nike,Kids' Fashion,94,2.062362221,Red
90,315,storage rack,Nike,Kids' Fashion,56,1.21795546,White
34,316,levi's jeans,H&M,Women's Fashion,68,2.098501017,Red
55,317,gap hoodie,Adidas,Women's Fashion,23,4.395249785,Red
88,318,samsung galaxy tab,Zara,Men's Fashion,49,1.15586985,Yellow
39,319,apple iphone 14,H&M,Men's Fashion,61,1.231913046,White
25,320,ashley recliner,H&M,Kids' Fashion,86,3.146928023,Yellow
34,321,closet organizer,Gucci,Kids' Fashion,40,4.452209683,Red
58,322,kitchenaid mixer,H&M,Kids' Fashion,18,1.707225428,Red
30,323,old navy dress,Zara,Women's Fashion,95,2.326168452,Green
3,324,wallet,Gucci,Men's Fashion,18,4.530634427,Black
67,325,tote bag,Nike,Men's Fashion,91,2.668089208,Black
7,326,apple watch,Zara,Men's Fashion,20,3.313869752,Green
95,327,children's hoodie,Adidas,Kids' Fashion,72,4.572943413,White
34,328,charging cable,Adidas,Kids' Fashion,12,1.295316214,Blue
49,329,fitbit charge,Nike,Women's Fashion,56,3.73603013,Blue
15,330,office chair,Zara,Men's Fashion,26,2.137827815,Blue
61,331,brooklinen sheets,Adidas,Kids' Fashion,25,3.272901426,Black
25,332,nike air force 1,Zara,Men's Fashion,75,3.149412946,Blue
60,333,bose soundbar,H&M,Kids' Fashion,70,2.042428987,Yellow
80,334,samsung galaxy s23,Zara,Men's Fashion,16,1.855252274,Yellow
25,335,belt,Gucci,Men's Fashion,88,3.396661563,Red
71,336,power bank,Nike,Kids' Fashion,28,4.169716343,White
1,337,dell xps 13,Nike,Women's Fashion,80,1.591559598,White
22,338,wall art,Nike,Women's Fashion,70,1.444198704,Blue
46,339,dining table set,Gucci,Women's Fashion,74,1.804017418,White
52,340,lenovo thinkpad,Adidas,Women's Fashion,32,1.246471514,Blue
27,341,timberland boots,Gucci,Men's Fashion,91,4.473672898,Red
69,342,dyson vacuum,Zara,Women's Fashion,27,3.979717427,Yellow
29,343,google pixel 7,Gucci,Women's Fashion,91,4.74202906,Yellow
42,344,watch strap,Nike,Kids' Fashion,44,3.873916155,Blue
97,345,ikea sofa,H&M,Kids' Fashion,67,1.420409071,Yellow
62,346,backpack,Adidas,Kids' Fashion,19,4.829417307,Yellow
76,347,macbook air,H&M,Men's Fashion,18,1.110510848,Blue
52,348,under armour t-shirt,Zara,Kids' Fashion,76,2.915742059,Blue
36,349,ipad pro,Adidas,Kids' Fashion,97,3.150290196,White
50,350,sony bravia tv,H&M,Kids' Fashion,80,2.797018296,Black
52,351,carter's onesie,Nike,Women's Fashion,95,4.471219775,Red
41,352,vase,H&M,Men's Fashion,71,1.50329194,Green
87,353,zara blouse,Nike,Women's Fashion,78,2.912222167,Blue
7,354,phone case,Gucci,Men's Fashion,74,3.864665917,Red
59,355,sunglasses,Nike,Kids' Fashion,43,2.489550581,Red
93,356,crocs,Zara,Kids' Fashion,68,4.330070804,Black
89,357,instant pot,Adidas,Kids' Fashion,15,3.412001229,Yellow
66,358,tempur-pedic mattress,Adidas,Men's Fashion,55,1.174952648,Blue
55,359,lg oled tv,Nike,Kids' Fashion,68,4.449500338,Red
42,360,nike running shoes,H&M,Women's Fashion,24,2.257292487,Black
78,361,throw pillows,H&M,Kids' Fashion,62,1.760450534,Blue
22,362,cookware set,Adidas,Men's Fashion,15,1.281293053,Red
72,363,adidas tracksuit,Nike,Kids' Fashion,33,3.142884987,Yellow
60,364,storage rack,Nike,Kids' Fashion,65,2.040456962,Black
92,365,levi's jeans,Nike,Men's Fashion,16,3.282472037,White
7,366,gap hoodie,Nike,Women's Fashion,29,4.153341476,Yellow
17,367,samsung galaxy tab,Nike,Women's Fashion,31,2.710665415,Yellow
60,368,apple iphone 14,Nike,Women's Fashion,35,1.541757712,Blue
62,369,ashley recliner,Nike,Women's Fashion,96,3.795107582,Green
75,370,closet organizer,Nike,Kids' Fashion,58,2.634244312,White
65,371,kitchenaid mixer,Nike,Women's Fashion,33,1.081098282,White
63,372,old navy dress,Nike,Men's Fashion,41,1.843919361,White
87,373,wallet,Adidas,Men's Fashion,63,3.153142823,Green
23,374,tote bag,Nike,Men's Fashion,20,1.474025215,Black
68,375,apple watch,Zara,Women's Fashion,49,4.268766181,Blue
16,376,children's hoodie,H&M,Kids' Fashion,22,3.833159814,Green
33,377,charging cable,Zara,Women's Fashion,54,3.722545456,Black
55,378,fitbit charge,Nike,Men's Fashion,45,3.571269953,Red
89,379,office chair,Nike,Women's Fashion,25,3.637552903,White
73,380,brooklinen sheets,Gucci,Women's Fashion,23,1.204175626,Red
32,381,nike air force 1,H&M,Men's Fashion,23,3.324489276,Green
97,382,bose soundbar,Gucci,Men's Fashion,93,3.584985286,Yellow
32,383,samsung galaxy s23,H&M,Men's Fashion,86,2.533853796,Black
90,384,belt,H&M,Kids' Fashion,84,1.461914043,Black
74,385,power bank,Gucci,Women's Fashion,35,3.666720052,Yellow
27,386,dell xps 13,Adidas,Women's Fashion,17,3.578353949,Yellow
52,387,wall art,Adidas,Women's Fashion,24,1.169952748,Green
7,388,dining table set,H&M,Men's Fashion,86,4.11723275,Green
51,389,lenovo thinkpad,Zara,Women's Fashion,91,1.547099791,White
89,390,timberland boots,Adidas,Women's Fashion,86,4.448025482,Green
66,391,dyson vacuum,Gucci,Women's Fashion,25,3.828184813,Blue
73,392,google pixel 7,Zara,Men's Fashion,53,2.8148203,White
19,393,watch strap,H&M,Men's Fashion,32,1.752218472,Black
77,394,ikea sofa,Gucci,Men's Fashion,56,3.532018951,Yellow
90,395,backpack,Nike,Women's Fashion,14,2.590749419,Yellow
33,396,macbook air,Zara,Men's Fashion,74,2.865913132,Blue
100,397,under armour t-shirt,Zara,Kids' Fashion,94,1.573943498,White
39,398,ipad pro,H&M,Men's Fashion,16,2.190953332,White
36,399,sony bravia tv,Adidas,Men's Fashion,37,2.6298403,Yellow
95,400,carter's onesie,H&M,Women's Fashion,91,2.434738189,Green
41,401,vase,Gucci,Women's Fashion,93,4.63661739,Green
10,402,zara blouse,H&M,Women's Fashion,30,1.50367936,Yellow
83,403,phone case,Adidas,Men's Fashion,61,3.485748049,Red
37,404,sunglasses,Adidas,Men's Fashion,71,2.938891562,Green
61,405,crocs,Adidas,Women's Fashion,30,2.679992529,Blue
89,406,instant pot,Nike,Men's Fashion,54,1.751391581,Black
50,407,tempur-pedic mattress,Nike,Women's Fashion,78,3.582101277,White
54,408,lg oled tv,H&M,Men's Fashion,62,2.984203036,White
28,409,nike running shoes,Nike,Kids' Fashion,26,2.010899196,Red
48,410,throw pillows,H&M,Kids' Fashion,64,4.723107548,Green
35,411,cookware set,Nike,Men's Fashion,67,3.263647259,Red
66,412,adidas tracksuit,Nike,Kids' Fashion,63,3.40240993,Black
18,413,storage rack,Zara,Women's Fashion,21,4.849343339,Green
13,414,levi's jeans,Zara,Kids' Fashion,63,2.175163962,Black
22,415,gap hoodie,H&M,Kids' Fashion,41,2.728876535,Yellow
30,416,samsung galaxy tab,H&M,Women's Fashion,92,3.251515841,Blue
58,417,apple iphone 14,H&M,Women's Fashion,88,2.846891504,Red
82,418,ashley recliner,Zara,Men's Fashion,34,4.986091107,Blue
44,419,closet organizer,H&M,Kids' Fashion,72,3.302575649,Yellow
79,420,kitchenaid mixer,Adidas,Men's Fashion,81,4.720487413,White
18,421,old navy dress,Nike,Kids' Fashion,89,1.654133332,White
79,422,wallet,Nike,Kids' Fashion,20,2.115579785,Blue
56,423,tote bag,Adidas,Men's Fashion,83,4.502435021,Black
52,424,apple watch,Adidas,Women's Fashion,45,3.055542338,Yellow
100,425,children's hoodie,Nike,Men's Fashion,96,3.812085671,Blue
11,426,charging cable,Zara,Men's Fashion,48,4.644768215,Black
8,427,fitbit charge,Zara,Kids' Fashion,15,4.717963173,Yellow
80,428,office chair,Gucci,Kids' Fashion,34,1.904094939,Green
57,429,brooklinen sheets,Gucci,Women's Fashion,94,3.828901927,Black
72,430,nike air force 1,Nike,Kids' Fashion,92,2.771944721,Black
46,431,bose soundbar,H&M,Kids' Fashion,18,2.621390486,Green
7,432,samsung galaxy s23,H&M,Kids' Fashion,55,2.238621627,Blue
10,433,belt,H&M,Men's Fashion,59,3.87845411,Yellow
44,434,power bank,Zara,Kids' Fashion,22,1.705658206,Yellow
46,435,dell xps 13,Adidas,Men's Fashion,47,2.722706085,Blue
27,436,ikea sofa,,Home & Furniture,760.04,2.822618311,Black
9,437,dining table set,Gucci,Men's Fashion,96,3.129701671,Green
89,438,lenovo thinkpad,Adidas,Kids' Fashion,86,4.685958152,Yellow
71,439,timberland boots,Zara,Men's Fashion,20,2.574077979,White
49,440,dyson vacuum,Zara,Women's Fashion,83,4.720335238,White
47,441,google pixel 7,Adidas,Men's Fashion,50,1.841605619,Black
88,442,watch strap,H&M,Men's Fashion,74,3.907727442,Red
37,443,ikea sofa,Gucci,Men's Fashion,11,3.021282847,White
84,444,backpack,Nike,Men's Fashion,31,1.564570818,White
38,445,macbook air,H&M,Kids' Fashion,74,4.199138754,Yellow
18,446,under armour t-shirt,Adidas,Kids' Fashion,91,1.129824851,Black
84,447,ipad pro,H&M,Kids' Fashion,27,4.730448148,Yellow
75,448,sony bravia tv,Gucci,Kids' Fashion,53,2.144847419,Green
5,449,carter's onesie,H&M,Men's Fashion,82,4.547042542,Black
92,450,vase,Nike,Kids' Fashion,59,4.326285345,Black
42,451,zara blouse,Adidas,Kids' Fashion,69,2.978109187,Green
43,452,phone case,H&M,Kids' Fashion,11,3.702569195,Green
30,453,sunglasses,Nike,Men's Fashion,34,2.573801588,Red
50,454,crocs,Zara,Kids' Fashion,47,3.665802584,White
58,455,instant pot,Gucci,Women's Fashion,51,1.290974737,Blue
93,456,tempur-pedic mattress,Gucci,Men's Fashion,14,4.435460757,Blue
70,457,lg oled tv,Gucci,Women's Fashion,36,1.595981702,Green
20,458,nike running shoes,Gucci,Kids' Fashion,18,1.184450033,Black
52,459,throw pillows,Adidas,Kids' Fashion,10,2.342762728,Black
39,460,cookware set,H&M,Kids' Fashion,94,2.582289276,Black
43,461,adidas tracksuit,Zara,Kids' Fashion,93,1.030127034,Red
65,462,storage rack,Zara,Women's Fashion,34,2.029820364,Yellow
24,463,levi's jeans,Adidas,Men's Fashion,25,3.182324449,Blue
53,464,gap hoodie,Zara,Men's Fashion,74,1.362157546,Green
1,465,samsung galaxy tab,Gucci,Women's Fashion,17,1.202302846,White
30,466,apple iphone 14,H&M,Men's Fashion,37,1.064478592,Black
13,467,ashley recliner,Adidas,Women's Fashion,69,1.795343557,Red
40,468,closet organizer,Zara,Women's Fashion,38,1.314761528,White
83,469,kitchenaid mixer,Nike,Women's Fashion,95,4.90629582,Yellow
76,470,old navy dress,Adidas,Kids' Fashion,34,4.638343236,Blue
38,471,wallet,Nike,Women's Fashion,96,2.31929243,Black
11,472,tote bag,Adidas,Women's Fashion,67,3.482992748,Green
98,473,apple watch,Nike,Women's Fashion,51,1.688509535,Red
79,474,children's hoodie,H&M,Kids' Fashion,68,1.370661542,Yellow
73,475,charging cable,H&M,Men's Fashion,69,4.074193704,Yellow
14,476,fitbit charge,H&M,Women's Fashion,70,4.077371639,White
100,477,office chair,Nike,Men's Fashion,30,1.559270898,Black
77,478,brooklinen sheets,H&M,Women's Fashion,12,1.342996212,Green
1,479,nike air force 1,Nike,Men's Fashion,51,1.197572306,Green
9,480,bose soundbar,Nike,Men's Fashion,70,1.792727108,Blue
52,481,samsung galaxy s23,Zara,Women's Fashion,24,1.671659401,Blue
85,482,belt,Gucci,Women's Fashion,97,3.57821856,Yellow
86,483,power bank,Zara,Women's Fashion,75,2.651376557,Black
92,484,dell xps 13,Gucci,Men's Fashion,47,2.1247466,Red
54,485,wall art,H&M,Women's Fashion,70,2.638129577,Black
69,486,dining table set,Adidas,Women's Fashion,69,1.202709784,Yellow
21,487,lenovo thinkpad,Adidas,Women's Fashion,62,3.698950312,Blue
30,488,timberland boots,H&M,Men's Fashion,81,1.194998349,Yellow
45,489,dyson vacuum,Adidas,Men's Fashion,37,3.560668439,Black
12,490,google pixel 7,Nike,Men's Fashion,41,1.979704402,Green
55,491,watch strap,Zara,Kids' Fashion,42,3.122132855,Black
30,492,ikea sofa,Zara,Kids' Fashion,69,1.378184911,Blue
57,493,backpack,H&M,Kids' Fashion,88,3.126248293,White
54,494,macbook air,Zara,Kids' Fashion,82,4.680935629,Green
14,495,under armour t-shirt,Nike,Women's Fashion,78,1.129654007,Blue
92,496,ipad pro,Adidas,Kids' Fashion,59,1.72769559,Green
88,497,sony bravia tv,Gucci,Women's Fashion,30,3.697727096,Yellow
50,498,carter's onesie,Zara,Men's Fashion,59,2.985982414,Yellow
60,499,vase,Adidas,Kids' Fashion,93,2.601402474,White
36,500,zara blouse,Zara,Clothing & Apparel,88,143.87,Red
20,501,phone case,Adidas,Kids' Fashion,41,4.322167156,Green
61,502,sunglasses,Zara,Kids' Fashion,33,4.987964321,Blue
84,503,crocs,Adidas,Kids' Fashion,16,4.534499079,White
70,504,instant pot,Zara,Men's Fashion,22,2.096109252,Black
24,505,tempur-pedic mattress,Zara,Women's Fashion,75,1.729782149,Black
47,506,lg oled tv,Nike,Women's Fashion,51,3.983456227,Blue
37,507,nike running shoes,Zara,Women's Fashion,85,4.056667235,White
72,508,throw pillows,Gucci,Men's Fashion,25,4.459064433,Blue
95,509,cookware set,Gucci,Men's Fashion,28,1.957709762,Blue
9,510,adidas tracksuit,Nike,Men's Fashion,60,3.108177745,Green
52,511,storage rack,H&M,Kids' Fashion,78,2.930071614,Black
71,512,levi's jeans,Nike,Men's Fashion,92,2.36236785,Blue
7,513,gap hoodie,Zara,Men's Fashion,65,4.061790922,Green
27,514,samsung galaxy tab,Adidas,Kids' Fashion,47,3.432789514,White
1,515,apple iphone 14,Nike,Kids' Fashion,64,3.748936698,White
51,516,ashley recliner,Gucci,Women's Fashion,33,1.604158864,Red
29,517,closet organizer,Gucci,Men's Fashion,74,2.848969458,Blue
87,518,kitchenaid mixer,Gucci,Men's Fashion,56,2.580412062,Yellow
28,519,old navy dress,Adidas,Women's Fashion,29,3.475022401,Blue
8,520,wallet,Zara,Men's Fashion,13,3.070483462,Red
90,521,tote bag,Adidas,Men's Fashion,19,3.256780572,White
24,522,apple watch,Adidas,Men's Fashion,80,2.939079723,Yellow
82,523,children's hoodie,Gucci,Women's Fashion,71,1.224769959,Black
51,524,charging cable,Nike,Kids' Fashion,47,1.934450018,Black
72,525,fitbit charge,Adidas,Kids' Fashion,58,2.443379936,Blue
36,526,office chair,Zara,Women's Fashion,70,2.929688349,Red
12,527,brooklinen sheets,Nike,Kids' Fashion,31,4.147790663,Yellow
98,528,nike air force 1,Zara,Men's Fashion,33,2.714762174,Black
77,529,bose soundbar,Gucci,Women's Fashion,59,1.995143535,White
7,530,samsung galaxy s23,Adidas,Kids' Fashion,71,3.356410402,Black
50,531,belt,H&M,Women's Fashion,45,2.893097706,Green
32,532,power bank,Zara,Men's Fashion,21,2.066029254,Blue
12,533,dell xps 13,Nike,Kids' Fashion,11,4.825169004,Green
40,534,wall art,Adidas,Kids' Fashion,94,4.508485513,Yellow
24,535,dining table set,Nike,Women's Fashion,87,1.204241995,Red
82,536,lenovo thinkpad,H&M,Kids' Fashion,18,3.347461074,Yellow
41,537,timberland boots,Nike,Men's Fashion,68,2.405967071,Red
11,538,dyson vacuum,Nike,Men's Fashion,94,2.369527546,Blue
26,539,google pixel 7,Nike,Kids' Fashion,10,3.101623434,Blue
26,540,watch strap,H&M,Kids' Fashion,80,1.165614991,Yellow
48,541,ikea sofa,Nike,Women's Fashion,17,2.136926727,Green
35,542,backpack,Adidas,Men's Fashion,92,4.022021188,Red
15,543,macbook air,Gucci,Men's Fashion,86,4.165312333,Yellow
54,544,under armour t-shirt,Nike,Women's Fashion,77,3.556866321,Red
68,545,ipad pro,Zara,Men's Fashion,82,2.004271238,Red
6,546,sony bravia tv,Zara,Women's Fashion,93,1.356261781,Red
6,547,carter's onesie,H&M,Kids' Fashion,89,2.544323557,Yellow
79,548,vase,Zara,Kids' Fashion,65,1.492992563,Red
11,549,zara blouse,Zara,Women's Fashion,96,4.28395114,Blue
57,550,phone case,Nike,Men's Fashion,69,2.928257743,Yellow
49,551,sunglasses,H&M,Women's Fashion,83,4.073676652,Blue
2,552,crocs,Adidas,Kids' Fashion,50,4.480168913,Blue
10,553,instant pot,Adidas,Men's Fashion,90,1.19849412,Green
11,554,tempur-pedic mattress,Adidas,Men's Fashion,51,4.096963789,Blue
21,555,lg oled tv,Adidas,Women's Fashion,67,3.936087109,Blue
26,556,nike running shoes,H&M,Women's Fashion,39,2.600749076,Red
45,557,throw pillows,Adidas,Women's Fashion,85,1.502021998,Black
2,558,cookware set,Adidas,Women's Fashion,23,2.02668227,Red
6,559,adidas tracksuit,Gucci,Women's Fashion,10,4.233459276,Red
31,560,storage rack,Adidas,Women's Fashion,99,1.002064069,Red
65,561,levi's jeans,Zara,Men's Fashion,96,3.968456345,Yellow
37,562,gap hoodie,Zara,Kids' Fashion,29,4.440105991,Green
44,563,samsung galaxy tab,Adidas,Men's Fashion,39,4.043087203,Blue
70,564,apple iphone 14,Adidas,Kids' Fashion,31,4.56326549,Blue
13,565,ashley recliner,Nike,Kids' Fashion,11,2.592885049,White
100,566,closet organizer,Gucci,Kids' Fashion,80,4.024158908,White
27,567,kitchenaid mixer,Zara,Kids' Fashion,96,1.206722946,Black
61,568,old navy dress,Gucci,Kids' Fashion,20,3.492861271,Red
92,569,wallet,Nike,Kids' Fashion,55,4.239391099,Blue
4,570,tote bag,Adidas,Women's Fashion,54,1.452466382,Black
23,571,apple watch,Nike,Men's Fashion,23,2.619218369,Red
17,572,children's hoodie,H&M,Men's Fashion,63,4.051564761,Blue
80,573,charging cable,Zara,Kids' Fashion,78,3.401509068,White
9,574,fitbit charge,Gucci,Women's Fashion,92,4.491894014,Black
99,575,office chair,H&M,Kids' Fashion,72,4.755480008,White
76,576,brooklinen sheets,H&M,Women's Fashion,26,3.089887685,White
41,577,nike air force 1,H&M,Women's Fashion,66,2.160695512,White
65,578,bose soundbar,Gucci,Women's Fashion,48,3.121693131,Green
26,579,samsung galaxy s23,Gucci,Women's Fashion,57,4.985949919,White
38,580,belt,Adidas,Men's Fashion,92,2.494203848,Green
65,581,power bank,Zara,Men's Fashion,83,4.715188839,Red
24,582,dell xps 13,Zara,Men's Fashion,70,2.243103547,White
96,583,wall art,H&M,Kids' Fashion,64,4.45499231,Green
71,584,dining table set,Gucci,Women's Fashion,17,2.635500721,Black
6,585,lenovo thinkpad,Adidas,Women's Fashion,68,3.591688841,Yellow
38,586,timberland boots,Nike,Kids' Fashion,99,2.280076389,Yellow
41,587,dyson vacuum,Adidas,Women's Fashion,50,1.252961727,Blue
46,588,google pixel 7,Gucci,Kids' Fashion,24,3.411287732,White
71,589,watch strap,Adidas,Women's Fashion,99,1.024249752,Red
56,590,ikea sofa,Nike,Kids' Fashion,65,2.429329839,Green
61,591,backpack,Gucci,Women's Fashion,97,2.036236385,White
29,592,macbook air,Nike,Kids' Fashion,47,1.759075153,Yellow
97,593,under armour t-shirt,H&M,Men's Fashion,89,3.145519148,White
97,594,ipad pro,Nike,Kids' Fashion,86,3.842198105,Yellow
53,595,sony bravia tv,Gucci,Women's Fashion,96,3.633088055,Blue
9,596,carter's onesie,H&M,Women's Fashion,35,3.939543888,Black
95,597,vase,H&M,Men's Fashion,38,3.243975902,Blue
79,598,zara blouse,Gucci,Women's Fashion,77,1.426440501,Yellow
52,599,phone case,H&M,Men's Fashion,80,4.465901208,Green
40,600,sunglasses,Adidas,Men's Fashion,97,1.497399016,Yellow
80,601,crocs,Adidas,Women's Fashion,44,1.034707249,White
7,602,instant pot,Zara,Women's Fashion,11,4.342864389,White
26,603,tempur-pedic mattress,Zara,Kids' Fashion,13,2.030988403,Black
74,604,lg oled tv,Gucci,Men's Fashion,10,3.976500694,Yellow
92,605,nike running shoes,Adidas,Women's Fashion,62,2.901295957,Red
35,606,throw pillows,Nike,Women's Fashion,28,4.2147036,White
40,607,cookware set,Nike,Women's Fashion,55,1.178803098,Yellow
90,608,adidas tracksuit,H&M,Women's Fashion,51,2.711081219,Blue
89,609,storage rack,Adidas,Kids' Fashion,75,4.785525241,Red
85,610,levi's jeans,H&M,Women's Fashion,62,2.532856212,Green
2,611,gap hoodie,Gucci,Kids' Fashion,85,2.032281097,White
28,612,samsung galaxy tab,Zara,Men's Fashion,27,2.269794299,Blue
80,613,apple iphone 14,Gucci,Women's Fashion,37,4.652599022,Black
89,614,ashley recliner,Gucci,Men's Fashion,47,1.350981011,Green
44,615,closet organizer,Nike,Kids' Fashion,67,2.8944503,Red
80,616,kitchenaid mixer,Zara,Women's Fashion,98,4.871838867,Red
19,617,old navy dress,Adidas,Kids' Fashion,77,1.702611669,Black
51,618,wallet,Gucci,Kids' Fashion,85,4.728247063,Green
10,619,tote bag,Nike,Women's Fashion,97,1.28844434,Blue
68,620,apple watch,Nike,Kids' Fashion,37,3.462154378,White
17,621,children's hoodie,H&M,Men's Fashion,72,2.650083893,Yellow
30,622,charging cable,Nike,Men's Fashion,45,3.784631414,Red
67,623,fitbit charge,Adidas,Kids' Fashion,62,1.610505131,Green
83,624,office chair,Nike,Women's Fashion,70,4.450171665,White
75,625,brooklinen sheets,Adidas,Kids' Fashion,78,3.452532367,Black
44,626,nike air force 1,Adidas,Men's Fashion,29,4.180330342,Yellow
61,627,bose soundbar,Adidas,Men's Fashion,94,1.871649611,Green
93,628,samsung galaxy s23,Nike,Women's Fashion,64,3.812676437,Red
80,629,belt,Gucci,Men's Fashion,95,3.579320092,White
74,630,power bank,Nike,Women's Fashion,84,1.66146129,White
65,631,dell xps 13,Zara,Kids' Fashion,32,4.197234004,White
64,632,wall art,Zara,Kids' Fashion,66,3.75533768,Yellow
73,633,dining table set,Nike,Women's Fashion,72,3.751515852,Red
9,634,lenovo thinkpad,Nike,Kids' Fashion,27,1.295296419,Yellow
34,635,timberland boots,Adidas,Women's Fashion,29,2.235056997,Yellow
10,636,dyson vacuum,Gucci,Kids' Fashion,96,4.602210649,Yellow
33,637,google pixel 7,Zara,Kids' Fashion,55,3.770055015,Green
7,638,watch strap,Adidas,Men's Fashion,22,4.905280461,White
22,639,ikea sofa,Zara,Men's Fashion,26,3.552471479,Blue
11,640,backpack,Zara,Kids' Fashion,72,2.751416671,Red
10,641,macbook air,Zara,Kids' Fashion,20,1.985714888,White
75,642,under armour t-shirt,Gucci,Kids' Fashion,22,4.965199289,Black
63,643,ipad pro,Zara,Kids' Fashion,42,4.62809882,Black
64,644,sony bravia tv,H&M,Kids' Fashion,79,1.074566723,White
46,645,carter's onesie,Zara,Kids' Fashion,98,4.696076856,Black
36,646,vase,Zara,Men's Fashion,36,2.814233499,Green
25,647,zara blouse,Adidas,Women's Fashion,60,1.615967237,Black
74,648,phone case,Gucci,Men's Fashion,20,3.260638818,White
82,649,sunglasses,Gucci,Women's Fashion,76,2.441480658,Red
22,650,crocs,Gucci,Women's Fashion,99,4.309089575,Green
35,651,instant pot,Gucci,Men's Fashion,16,1.005087152,Yellow
8,652,tempur-pedic mattress,Zara,Kids' Fashion,74,1.062507176,Yellow
65,653,lg oled tv,Gucci,Kids' Fashion,17,4.811990498,Red
34,654,nike running shoes,Zara,Kids' Fashion,42,4.276502786,Blue
6,655,throw pillows,Zara,Men's Fashion,33,1.99931231,Black
67,656,cookware set,Nike,Men's Fashion,79,4.660541004,White
36,657,adidas tracksuit,Nike,Men's Fashion,87,2.097545483,Yellow
60,658,storage rack,Adidas,Women's Fashion,40,3.252305172,Green
97,659,levi's jeans,Zara,Women's Fashion,21,1.024989526,White
11,660,gap hoodie,Adidas,Kids' Fashion,41,2.689886463,Blue
30,661,samsung galaxy tab,Gucci,Kids' Fashion,71,1.533612141,Blue
4,662,apple iphone 14,Nike,Women's Fashion,14,3.456740111,Black
17,663,ashley recliner,Zara,Women's Fashion,52,1.194964203,Black
33,664,closet organizer,H&M,Kids' Fashion,28,4.464839095,White
89,665,kitchenaid mixer,H&M,Women's Fashion,25,3.171747047,Red
37,666,old navy dress,H&M,Women's Fashion,76,1.938962642,Black
49,667,wallet,Nike,Kids' Fashion,64,1.098235316,Blue
77,668,tote bag,Zara,Men's Fashion,11,1.842278867,White
100,669,apple watch,Adidas,Women's Fashion,66,2.929741597,White
48,670,children's hoodie,Gucci,Men's Fashion,55,4.268877638,Yellow
8,671,charging cable,Adidas,Women's Fashion,16,3.234874807,Blue
31,672,fitbit charge,Zara,Kids' Fashion,93,2.958262822,Blue
79,673,office chair,Gucci,Kids' Fashion,83,3.184013143,Yellow
2,674,brooklinen sheets,Adidas,Kids' Fashion,72,1.947337779,Green
11,675,nike air force 1,Nike,Kids' Fashion,29,1.398131792,Green
25,676,bose soundbar,Nike,Women's Fashion,11,2.779424045,Black
74,677,samsung galaxy s23,Gucci,Women's Fashion,68,4.565208379,Blue
11,678,belt,H&M,Men's Fashion,85,2.862980933,Black
99,679,power bank,Adidas,Kids' Fashion,19,1.179131481,Yellow
5,680,dell xps 13,Nike,Women's Fashion,55,4.049538098,Red
59,681,wall art,Zara,Kids' Fashion,24,3.809658144,Black
13,682,dining table set,Adidas,Women's Fashion,52,4.35132221,Blue
75,683,lenovo thinkpad,Gucci,Men's Fashion,31,2.410307487,White
31,684,timberland boots,Adidas,Women's Fashion,12,3.941315472,White
37,685,dyson vacuum,Nike,Men's Fashion,19,1.269435005,White
9,686,google pixel 7,H&M,Women's Fashion,75,2.946505642,Green
35,687,watch strap,H&M,Kids' Fashion,74,4.17408542,Blue
19,688,ikea sofa,H&M,Kids' Fashion,91,1.373619967,White
5,689,backpack,H&M,Kids' Fashion,32,3.22134178,Black
11,690,macbook air,H&M,Kids' Fashion,34,2.152949486,White
38,691,under armour t-shirt,Adidas,Kids' Fashion,13,3.268427817,Blue
91,692,ipad pro,Nike,Women's Fashion,39,4.705354779,Red
44,693,sony bravia tv,Nike,Men's Fashion,62,2.554303203,Green
98,694,carter's onesie,Adidas,Kids' Fashion,51,2.050063994,Red
45,695,vase,Zara,Women's Fashion,78,4.734713084,Red
81,696,zara blouse,Adidas,Men's Fashion,39,4.592766561,Green
61,697,phone case,Nike,Women's Fashion,99,4.804098158,Green
82,698,sunglasses,Zara,Men's Fashion,85,1.804396765,White
52,699,crocs,Adidas,Men's Fashion,50,1.653623132,Green
96,700,instant pot,H&M,Women's Fashion,78,4.824649275,Yellow
34,701,ipad pro,Tablets,Electronics,782.51,2.258849245,Blue
46,702,lg oled tv,Gucci,Kids' Fashion,58,4.794781603,Blue
27,703,nike running shoes,Gucci,Men's Fashion,21,3.425180331,Blue
6,704,throw pillows,Adidas,Kids' Fashion,38,4.979678294,Green
32,705,cookware set,Nike,Kids' Fashion,67,2.196904671,Black
91,706,adidas tracksuit,Gucci,Women's Fashion,69,1.050046258,Green
100,707,storage rack,Adidas,Women's Fashion,68,4.295812637,Green
17,708,levi's jeans,Nike,Kids' Fashion,76,4.448919723,Black
57,709,gap hoodie,Adidas,Men's Fashion,53,1.683155281,White
50,710,samsung galaxy tab,Zara,Men's Fashion,58,2.169090131,Red
37,711,apple iphone 14,Adidas,Men's Fashion,34,3.483939735,Red
76,712,ashley recliner,Gucci,Kids' Fashion,100,4.610941929,Green
25,713,closet organizer,Gucci,Men's Fashion,75,4.440120163,Blue
91,714,kitchenaid mixer,Zara,Men's Fashion,35,2.491495141,White
48,715,old navy dress,Nike,Women's Fashion,84,4.868671076,Yellow
11,716,wallet,Adidas,Men's Fashion,68,3.928338293,Red
8,717,tote bag,Nike,Women's Fashion,34,4.226909223,Yellow
73,718,apple watch,Zara,Women's Fashion,30,1.373331834,White
59,719,children's hoodie,H&M,Women's Fashion,34,1.939961599,Blue
97,720,charging cable,Adidas,Men's Fashion,27,2.573743469,Black
42,721,fitbit charge,Zara,Kids' Fashion,77,2.206169939,Blue
78,722,office chair,Adidas,Women's Fashion,73,3.957991511,Blue
55,723,brooklinen sheets,Nike,Men's Fashion,97,1.109084448,White
82,724,nike air force 1,Adidas,Women's Fashion,57,3.165324059,Yellow
87,725,bose soundbar,Gucci,Women's Fashion,12,3.805121226,Black
40,726,samsung galaxy s23,Nike,Men's Fashion,10,3.206257442,Red
72,727,belt,Adidas,Women's Fashion,11,4.420346267,White
95,728,power bank,Zara,Men's Fashion,63,2.409415897,Yellow
26,729,dell xps 13,Gucci,Kids' Fashion,10,2.728688821,Yellow
72,730,wall art,Zara,Kids' Fashion,68,1.607311682,Green
20,731,dining table set,Adidas,Men's Fashion,62,4.898212138,White
48,732,lenovo thinkpad,Zara,Women's Fashion,28,2.645058812,Blue
89,733,timberland boots,Adidas,Women's Fashion,75,4.891155555,Black
89,734,dyson vacuum,Zara,Women's Fashion,80,1.592563595,Blue
65,735,google pixel 7,H&M,Men's Fashion,28,3.902509392,Yellow
11,736,watch strap,Adidas,Men's Fashion,94,2.761694311,White
20,737,ikea sofa,Adidas,Kids' Fashion,78,1.126795615,Blue
30,738,backpack,H&M,Men's Fashion,100,1.033843193,Blue
24,739,macbook air,Gucci,Kids' Fashion,80,1.230817612,Red
68,740,under armour t-shirt,Nike,Women's Fashion,72,3.691134961,White
49,741,ipad pro,Nike,Women's Fashion,81,3.386836818,Blue
54,742,sony bravia tv,H&M,Men's Fashion,85,3.462802611,Yellow
15,743,carter's onesie,H&M,Women's Fashion,55,1.729135622,Red
21,744,vase,Zara,Men's Fashion,97,2.999073583,Black
73,745,zara blouse,Zara,Men's Fashion,40,3.753972994,Blue
13,746,phone case,Gucci,Kids' Fashion,21,1.250641246,Black
37,747,sunglasses,Adidas,Kids' Fashion,73,1.419739933,White
87,748,crocs,Zara,Kids' Fashion,45,3.346345375,Red
31,749,instant pot,Gucci,Women's Fashion,43,2.386806405,Black
71,750,tempur-pedic mattress,Nike,Kids' Fashion,57,3.727593991,Red
65,751,lg oled tv,Gucci,Kids' Fashion,72,2.097525173,Blue
14,752,nike running shoes,Gucci,Men's Fashion,72,1.973300966,Blue
17,753,throw pillows,Zara,Kids' Fashion,86,4.209098217,Yellow
63,754,cookware set,Gucci,Kids' Fashion,79,1.893823744,Red
99,755,adidas tracksuit,Zara,Women's Fashion,90,3.46720994,White
37,756,storage rack,Adidas,Men's Fashion,34,1.669924032,Black
66,757,levi's jeans,Gucci,Kids' Fashion,61,4.188203485,Black
32,758,gap hoodie,Nike,Women's Fashion,51,4.222293806,Green
39,759,samsung galaxy tab,Gucci,Kids' Fashion,65,1.829285875,Black
35,760,apple iphone 14,Nike,Women's Fashion,57,3.458410207,Green
86,761,ashley recliner,H&M,Men's Fashion,92,3.643455854,Black
8,762,closet organizer,Nike,Kids' Fashion,50,3.804358644,Blue
71,763,kitchenaid mixer,Nike,Men's Fashion,25,2.085546642,Green
10,764,old navy dress,H&M,Women's Fashion,30,2.061492073,Black
25,765,wallet,H&M,Kids' Fashion,86,4.826714567,Blue
25,766,tote bag,Zara,Men's Fashion,40,4.461908067,Green
83,767,apple watch,H&M,Men's Fashion,72,4.63013782,Yellow
12,768,children's hoodie,H&M,Women's Fashion,95,4.599817817,White
71,769,charging cable,Zara,Men's Fashion,28,4.476172222,White
93,770,fitbit charge,H&M,Kids' Fashion,14,4.680516842,Yellow
71,771,office chair,Zara,Men's Fashion,82,1.565842609,Red
34,772,brooklinen sheets,Gucci,Men's Fashion,24,4.773680199,Black
70,773,nike air force 1,Nike,Women's Fashion,74,2.504876163,Black
74,774,bose soundbar,H&M,Men's Fashion,94,2.977355256,White
39,775,samsung galaxy s23,H&M,Men's Fashion,60,3.201146073,White
73,776,belt,Nike,Men's Fashion,86,2.219384304,Red
40,777,power bank,Adidas,Kids' Fashion,88,1.798129096,Green
25,778,dell xps 13,Nike,Kids' Fashion,80,3.975467678,White
98,779,wall art,Nike,Kids' Fashion,94,3.726035874,Yellow
46,780,dining table set,Gucci,Kids' Fashion,89,1.721478784,Blue
83,781,lenovo thinkpad,Nike,Men's Fashion,85,4.828402785,Green
23,782,timberland boots,Adidas,Men's Fashion,31,1.94808694,White
76,783,dyson vacuum,H&M,Women's Fashion,59,2.197254325,Red
95,784,google pixel 7,Zara,Men's Fashion,46,3.073906222,White
77,785,watch strap,H&M,Men's Fashion,57,1.269834028,Red
65,786,ikea sofa,H&M,Kids' Fashion,73,3.958356668,White
91,787,backpack,H&M,Women's Fashion,96,3.25514699,Blue
34,788,macbook air,Adidas,Kids' Fashion,74,3.143872925,Red
22,789,under armour t-shirt,Nike,Women's Fashion,99,2.514204912,Yellow
31,790,ipad pro,Adidas,Men's Fashion,34,1.09856738,Red
73,791,sony bravia tv,Gucci,Women's Fashion,58,3.648417121,Green
88,792,carter's onesie,Adidas,Kids' Fashion,88,4.645175947,Yellow
28,793,vase,Zara,Kids' Fashion,82,1.320470072,Black
9,794,zara blouse,H&M,Women's Fashion,68,4.293960351,Black
2,795,phone case,Gucci,Kids' Fashion,30,1.481966572,Black
3,796,sunglasses,H&M,Women's Fashion,86,1.85639746,Black
68,797,crocs,H&M,Kids' Fashion,62,1.117533504,Red
28,798,instant pot,H&M,Kids' Fashion,75,1.796726721,Blue
48,799,tempur-pedic mattress,Adidas,Men's Fashion,20,2.327887123,Yellow
61,800,lg oled tv,H&M,Men's Fashion,38,4.782806322,Red
33,801,nike running shoes,Zara,Men's Fashion,39,3.513026866,Black
66,802,throw pillows,Gucci,Men's Fashion,26,2.642952863,Green
56,803,cookware set,Nike,Men's Fashion,13,1.615425214,Blue
66,804,adidas tracksuit,Zara,Kids' Fashion,91,2.630726641,Black
53,805,storage rack,H&M,Men's Fashion,84,3.389745863,Blue
100,806,levi's jeans,Zara,Women's Fashion,11,3.778630527,Green
74,807,gap hoodie,Zara,Men's Fashion,31,2.003227449,Blue
20,808,samsung galaxy tab,Adidas,Women's Fashion,26,4.324805159,Yellow
5,809,apple iphone 14,Adidas,Men's Fashion,22,3.142595278,White
31,810,ashley recliner,Zara,Kids' Fashion,39,1.066913371,Black
9,811,closet organizer,Gucci,Kids' Fashion,63,1.843096781,White
9,812,kitchenaid mixer,Nike,Women's Fashion,23,1.176733499,Blue
42,813,old navy dress,Zara,Men's Fashion,97,3.05083263,Blue
62,814,wallet,Zara,Women's Fashion,48,2.795980171,Yellow
78,815,tote bag,Zara,Women's Fashion,16,3.127369464,Black
24,816,apple watch,Nike,Kids' Fashion,86,1.090838624,Blue
51,817,children's hoodie,Adidas,Kids' Fashion,15,1.160500672,Black
42,818,charging cable,Nike,Women's Fashion,36,4.022938202,Blue
45,819,fitbit charge,Zara,Men's Fashion,41,3.443916707,White
91,820,office chair,Nike,Women's Fashion,49,3.15966154,White
65,821,brooklinen sheets,H&M,Women's Fashion,30,3.637743931,Blue
75,822,nike air force 1,Gucci,Kids' Fashion,48,4.743995466,Green
65,823,bose soundbar,H&M,Kids' Fashion,77,2.88300725,White
3,824,samsung galaxy s23,Zara,Women's Fashion,17,1.080282827,White
32,825,belt,Zara,Men's Fashion,12,1.851395713,White
35,826,power bank,Adidas,Women's Fashion,92,4.775265823,Red
13,827,dell xps 13,Nike,Women's Fashion,92,1.780308671,Red
94,828,wall art,H&M,Women's Fashion,29,4.401707974,Green
18,829,dining table set,Adidas,Men's Fashion,19,4.257084648,Black
94,830,lenovo thinkpad,Gucci,Kids' Fashion,54,3.729791859,Green
19,831,timberland boots,Gucci,Kids' Fashion,37,2.548301229,Black
96,832,dyson vacuum,Nike,Women's Fashion,87,2.357340748,Blue
70,833,google pixel 7,H&M,Kids' Fashion,82,1.100055884,Yellow
99,834,watch strap,H&M,Women's Fashion,98,3.776324762,Yellow
15,835,ikea sofa,Nike,Kids' Fashion,84,2.891092635,Yellow
93,836,backpack,Gucci,Women's Fashion,21,4.24899806,White
59,837,macbook air,Nike,Kids' Fashion,50,2.406013134,Black
33,838,under armour t-shirt,Zara,Men's Fashion,60,2.677289107,Blue
26,839,ipad pro,Nike,Kids' Fashion,68,2.655170363,Blue
73,840,sony bravia tv,Zara,Kids' Fashion,84,3.154720588,Red
56,841,carter's onesie,Zara,Men's Fashion,37,3.005164208,Blue
59,842,vase,Adidas,Men's Fashion,44,3.062273281,White
52,843,zara blouse,Nike,Kids' Fashion,91,2.723012964,Red
1,844,phone case,Zara,Kids' Fashion,11,2.885109374,Blue
66,845,sunglasses,Gucci,Men's Fashion,92,2.102424601,Green
82,846,crocs,Nike,Kids' Fashion,26,4.304919134,Yellow
88,847,instant pot,Gucci,Women's Fashion,10,1.37498193,Green
78,848,tempur-pedic mattress,Nike,Kids' Fashion,31,3.763596385,White
14,849,lg oled tv,Nike,Kids' Fashion,60,3.642990691,Green
2,850,nike running shoes,Nike,Kids' Fashion,73,1.270582725,Yellow
24,851,throw pillows,Nike,Men's Fashion,46,2.685204468,Yellow
38,852,cookware set,H&M,Kids' Fashion,83,3.011248497,Red
5,853,adidas tracksuit,H&M,Kids' Fashion,20,3.009772948,Green
72,854,storage rack,Adidas,Kids' Fashion,83,3.709391012,Green
96,855,levi's jeans,H&M,Kids' Fashion,88,1.902236722,Red
55,856,gap hoodie,Gucci,Women's Fashion,93,1.801034634,Green
37,857,samsung galaxy tab,H&M,Men's Fashion,93,4.350896543,Blue
64,858,apple iphone 14,Zara,Kids' Fashion,96,4.451841229,Yellow
48,859,ashley recliner,Adidas,Women's Fashion,44,1.400216676,Red
75,860,closet organizer,Nike,Kids' Fashion,43,4.027847422,Blue
60,861,backpack,,Accessories,176.45,4.660135925,White
61,862,old navy dress,Adidas,Kids' Fashion,14,1.578920563,Blue
49,863,wallet,Gucci,Men's Fashion,99,1.433025224,Red
22,864,tote bag,Nike,Men's Fashion,48,3.940945968,Yellow
54,865,apple watch,Gucci,Women's Fashion,80,1.672864993,Yellow
89,866,children's hoodie,H&M,Men's Fashion,66,4.550095006,White
3,867,charging cable,Nike,Men's Fashion,90,4.23510887,Black
84,868,fitbit charge,Gucci,Kids' Fashion,72,3.929471959,Red
98,869,office chair,Zara,Men's Fashion,100,1.839078605,Black
100,870,brooklinen sheets,Nike,Kids' Fashion,26,2.708009138,Yellow
56,871,nike air force 1,H&M,Men's Fashion,66,2.622370915,White
94,872,bose soundbar,H&M,Women's Fashion,96,4.646393154,Black
16,873,samsung galaxy s23,Gucci,Kids' Fashion,27,3.33871116,Red
54,874,belt,Gucci,Kids' Fashion,45,4.163516573,Yellow
74,875,power bank,Adidas,Kids' Fashion,52,3.275055379,Black
26,876,dell xps 13,Nike,Kids' Fashion,82,1.298168634,Green
92,877,wall art,Zara,Women's Fashion,29,4.500430873,Red
34,878,dining table set,Nike,Women's Fashion,59,4.02396113,Yellow
1,879,lenovo thinkpad,Nike,Kids' Fashion,67,4.301461671,Red
18,880,timberland boots,Zara,Kids' Fashion,48,1.937806814,White
25,881,dyson vacuum,H&M,Men's Fashion,20,2.763920221,Red
35,882,google pixel 7,Gucci,Women's Fashion,57,2.414504767,Yellow
73,883,watch strap,Nike,Kids' Fashion,49,1.933797663,Yellow
94,884,ikea sofa,Zara,Men's Fashion,51,2.894494254,Green
90,885,backpack,Zara,Kids' Fashion,94,3.031971532,White
38,886,macbook air,Gucci,Men's Fashion,27,3.416143046,Blue
79,887,under armour t-shirt,Adidas,Men's Fashion,88,3.645241825,Blue
39,888,ipad pro,Gucci,Kids' Fashion,73,4.95344589,Blue
60,889,sony bravia tv,Adidas,Kids' Fashion,25,4.59601947,Yellow
67,890,carter's onesie,H&M,Men's Fashion,42,1.041106324,Black
32,891,vase,H&M,Women's Fashion,84,1.444006996,White
63,892,zara blouse,Adidas,Women's Fashion,62,3.942359066,Blue
98,893,phone case,H&M,Kids' Fashion,76,2.072747672,Red
22,894,sunglasses,Adidas,Men's Fashion,37,1.411357396,Black
89,895,crocs,Gucci,Women's Fashion,88,2.104328277,Yellow
41,896,instant pot,Gucci,Men's Fashion,80,4.369727157,Black
84,897,tempur-pedic mattress,H&M,Women's Fashion,22,3.816709538,White
98,898,lg oled tv,Nike,Women's Fashion,44,4.210620205,Green
83,899,nike running shoes,Gucci,Men's Fashion,85,2.401789778,Red
94,900,throw pillows,Nike,Men's Fashion,91,1.608144765,Blue
44,901,cookware set,Zara,Men's Fashion,41,4.640523706,Red
91,902,adidas tracksuit,Gucci,Women's Fashion,40,3.187460265,Black
27,903,storage rack,Nike,Women's Fashion,99,2.190807735,Yellow
80,904,levi's jeans,Zara,Women's Fashion,27,1.766195134,Yellow
87,905,gap hoodie,Nike,Women's Fashion,83,1.050332468,Red
5,906,samsung galaxy tab,Nike,Kids' Fashion,23,2.547022476,Yellow
38,907,apple iphone 14,Adidas,Men's Fashion,27,1.573352781,Yellow
32,908,ashley recliner,Zara,Kids' Fashion,36,3.194487396,White
80,909,closet organizer,Nike,Women's Fashion,32,3.325650558,Green
45,910,kitchenaid mixer,Adidas,Kids' Fashion,34,1.202652212,Green
63,911,old navy dress,Nike,Kids' Fashion,89,2.09992246,White
40,912,wallet,Adidas,Men's Fashion,22,3.287389527,Blue
25,913,tote bag,Gucci,Kids' Fashion,56,3.96900792,Black
11,914,apple watch,H&M,Kids' Fashion,46,4.057433316,Red
14,915,children's hoodie,Adidas,Kids' Fashion,35,2.930754718,White
89,916,charging cable,Nike,Men's Fashion,91,3.456679608,Black
8,917,fitbit charge,Zara,Men's Fashion,23,2.835769687,Red
76,918,office chair,H&M,Kids' Fashion,73,3.803150908,Red
83,919,brooklinen sheets,Adidas,Women's Fashion,96,3.356797624,Red
21,920,nike air force 1,Gucci,Women's Fashion,95,3.804940641,Red
13,921,bose soundbar,Gucci,Men's Fashion,24,2.916489594,Green
81,922,samsung galaxy s23,Gucci,Men's Fashion,45,4.575139767,Green
13,923,belt,Zara,Men's Fashion,79,2.829893583,White
92,924,power bank,Nike,Men's Fashion,80,3.703265445,Black
40,925,dell xps 13,H&M,Women's Fashion,69,3.283881049,Blue
37,926,wall art,Zara,Women's Fashion,73,2.190376484,Blue
29,927,dining table set,Adidas,Men's Fashion,71,4.946757548,White
37,928,lenovo thinkpad,Adidas,Kids' Fashion,10,4.585559724,Black
64,929,timberland boots,Gucci,Kids' Fashion,33,3.989968345,Blue
49,930,dyson vacuum,Adidas,Women's Fashion,31,3.012986786,White
19,931,google pixel 7,Zara,Kids' Fashion,73,3.85576932,Blue
64,932,watch strap,H&M,Kids' Fashion,68,2.563700693,Yellow
16,933,ikea sofa,Adidas,Kids' Fashion,76,3.391888262,Blue
98,934,backpack,Nike,Women's Fashion,82,2.636831887,Green
77,935,macbook air,Adidas,Men's Fashion,60,1.883630519,Black
72,936,under armour t-shirt,Gucci,Men's Fashion,33,1.881446925,White
80,937,ipad pro,Gucci,Men's Fashion,38,1.123239786,Red
30,938,sony bravia tv,Gucci,Kids' Fashion,100,3.217890048,Blue
81,939,carter's onesie,H&M,Men's Fashion,93,4.945684191,White
63,940,vase,Gucci,Kids' Fashion,77,3.721576137,White
24,941,zara blouse,Zara,Men's Fashion,70,1.659599166,White
60,942,phone case,Adidas,Men's Fashion,49,1.968877422,Green
37,943,sunglasses,Gucci,Kids' Fashion,71,4.056119883,Blue
65,944,crocs,H&M,Kids' Fashion,49,3.077371474,Black
72,945,instant pot,Gucci,Kids' Fashion,58,2.013072552,Red
78,946,tempur-pedic mattress,H&M,Women's Fashion,15,1.668270797,Red
1,947,lg oled tv,Zara,Kids' Fashion,48,3.155635638,White
37,948,nike running shoes,Gucci,Women's Fashion,83,3.551765705,Yellow
4,949,throw pillows,Zara,Kids' Fashion,96,4.472837069,Green
4,950,cookware set,Zara,Men's Fashion,86,1.706311201,Green
61,951,adidas tracksuit,Nike,Kids' Fashion,62,2.948747206,Black
17,952,storage rack,Zara,Women's Fashion,60,2.554289247,Black
88,953,levi's jeans,Nike,Kids' Fashion,19,1.541984698,Blue
61,954,gap hoodie,Gucci,Women's Fashion,74,2.802296653,Green
81,955,samsung galaxy tab,Nike,Kids' Fashion,64,1.797722997,White
39,956,apple iphone 14,H&M,Men's Fashion,88,3.912168792,Black
2,957,ashley recliner,Nike,Men's Fashion,57,4.928868618,White
46,958,closet organizer,Adidas,Men's Fashion,16,2.204637506,Green
100,959,kitchenaid mixer,H&M,Kids' Fashion,45,2.565573143,Yellow
94,960,old navy dress,Gucci,Men's Fashion,50,4.139661022,Red
62,961,wallet,Nike,Women's Fashion,40,1.730071279,White
4,962,tote bag,Adidas,Women's Fashion,97,2.608358765,Green
85,963,apple watch,H&M,Men's Fashion,21,4.284576209,Black
1,964,children's hoodie,Nike,Women's Fashion,31,4.541801543,White
21,965,charging cable,Nike,Men's Fashion,55,3.504891539,Yellow
6,966,fitbit charge,Gucci,Kids' Fashion,66,4.865912995,Black
92,967,office chair,Gucci,Kids' Fashion,85,4.003376677,Blue
84,968,brooklinen sheets,Gucci,Kids' Fashion,46,1.339532012,Black
12,969,nike air force 1,Gucci,Kids' Fashion,26,2.308312119,Red
78,970,bose soundbar,H&M,Kids' Fashion,19,4.97683245,White
82,971,samsung galaxy s23,H&M,Men's Fashion,45,3.375717766,Green
84,972,belt,Gucci,Men's Fashion,14,4.783297803,White
4,973,power bank,H&M,Kids' Fashion,20,3.740671233,Red
56,974,dell xps 13,Gucci,Kids' Fashion,72,3.100457611,Black
46,975,wall art,Zara,Men's Fashion,19,3.101054267,Black
82,976,dining table set,Nike,Kids' Fashion,42,1.53547692,White
4,977,lenovo thinkpad,Nike,Men's Fashion,91,4.040697716,Red
23,978,timberland boots,Zara,Men's Fashion,98,4.176305464,Black
77,979,dyson vacuum,Nike,Men's Fashion,96,1.893288846,Blue
28,980,google pixel 7,H&M,Kids' Fashion,50,4.812332539,Blue
35,981,watch strap,Nike,Women's Fashion,97,3.444967623,White
50,982,ikea sofa,Nike,Kids' Fashion,11,4.038688935,Green
94,983,backpack,Zara,Men's Fashion,50,4.457362282,Red
70,984,macbook air,Gucci,Men's Fashion,64,2.906020182,Green
57,985,under armour t-shirt,H&M,Women's Fashion,36,2.512345782,Green
1,986,ipad pro,Gucci,Men's Fashion,11,4.614652816,Blue
77,987,sony bravia tv,H&M,Women's Fashion,42,3.249077163,Red
80,988,carter's onesie,H&M,Men's Fashion,56,2.573964548,Blue
67,989,vase,Adidas,Men's Fashion,78,4.715256874,Black
51,990,zara blouse,Gucci,Men's Fashion,16,3.39256674,Yellow
60,991,phone case,Nike,Kids' Fashion,25,4.972677491,Red
42,992,sunglasses,Gucci,Women's Fashion,91,4.922173019,Black
89,993,crocs,H&M,Women's Fashion,33,4.000541836,Yellow
59,994,instant pot,H&M,Men's Fashion,89,4.44083287,Green
34,995,tempur-pedic mattress,Adidas,Kids' Fashion,58,4.395111619,Red
20,996,lg oled tv,Zara,Women's Fashion,55,1.620080592,Black
42,997,nike running shoes,Nike,Kids' Fashion,13,1.544463934,Green
9,998,throw pillows,Zara,Men's Fashion,47,3.961913076,White
8,999,cookware set,Zara,Women's Fashion,68,3.089721518,Blue
91,1000,adidas tracksuit,Adidas,Women's Fashion,79,3.093552988,White
